{"G00001": 1.60000000, "G00002": 0.90000000, "G00003": 0.90000000, "G00004": 0.90000000, "G00005": 1.6, "G00006": 0.9, "G00007": 0.9, "G00008": 1.6, "G00009": 0.9, "G00010": 0.9, "G00011": 0.9, "G00012": 0.9, "G00013": 0.9, "G00014": 0.9, "G00015": 0.9, "G00016": 0.9, "G00017": 0.9, "G00018": 0.9, "G00019": 0.9, "G00020": 0.9, "G00021": 0.9, "G00022": 0.17863795, "G00023": 0.17342433, "G00024": 0.16081870, "G00025": 0.9, "G00026": 0.9, "G00027": 0.9, "G00028": 0.9, "G00029": 0.9, "G00030": 0.9, "G00031": 0.9, "G00032": 0.9, "G00033": 0.9, "G00034": 0.9, "G00035": 0.9, "G00036": 0.9, "G00037": 0.9, "G00038": 0.9, "G00039": 0.9, "G00040": 0.9, "G00041": 0.9, "G00042": 0.9, "G00043": 0.9, "G00044": 0.9, "G00045": 0.9, "G00046": 0.9, "G00047": 0.9, "G00048": 0.9, "G00049": 0.9, "G00050": 0.9, "G00051": 0.9, "G00052": 0.9, "G00053": 0.9, "G00054": 0.9, "G00055": 0.9, "G00056": 0.9, "G00057": 0.9, "G00058": 0.9, "G00059": 0.9, "G00060": 0.9, "G00062": 0.9, "G00063": 0.9, "G00064": 0.9, "G00066": 0.9, "G00067": 0.9, "G00068": 0.9, "G00069": 0.9, "G00070": 0.9, "G00071": 0.9, "G00143": 0.9, "G00144": 0.9, "G00145": 0.9, "G00146": 0.9, "G00149": 0.9, "G00150": 0.10842209, "G00151": 0.11284321, "G00237": 0.9, "G00238": 0.11266183, "G00239": 0.04913925, "G00240": 0.10016076, "G00241": 0.07658631, "G00242": 0.07100794, "G00243": 0.9, "G00244": 0.9, "G00245": 0.9, "G00246": 0.04828646, "G00247": 0.09693779, "G00248": 0.9, "G00249": 0.9, "G00250": 0.9, "G00251": 0.9, "G00252": 0.9, "G00253": 0.07584544, "G00254": 0.9, "G00255": 0.12125394, "G00256": 0.11316695, "G00257": 0.10782507, "G00258": 0.09802706, "G00259": 0.10104103, "G00260": 0.08813136, "G00261": 0.08892885, "G00262": 0.08342376, "G00263": 0.9, "G00264": 0.9, "G00265": 0.10797354, "G00266": 0.09843038, "G00267": 0.09197178, "G00268": 0.08177435, "G00269": 0.9, "G00270": 0.9, "G00271": 0.9, "G00272": 0.9, "G00273": 0.08417575, "G00274": 0.07647670, "G00275": 0.06151070, "G00276": 0.05702892, "G00277": 0.9, "G00278": 0.9, "G002781": 0.9, "G00279": 0.02507094, "G002791": 0.04665387, "G002792": 0.04435525, "G00280": 0.05165677, "G00281": 0.05393386, "G00282": 0.9, "G002821": 0.9, "G00283": 0.07260434, "G00284": 0.06672206, "G00285": 0.08930789, "G00286": 0.07154481, "G00287": 0.09425740, "G00288": 0.08917995, "G00289": 0.07216046, "G00290": 0.08704621, "G00291": 0.03657618, "G00292": 0.04405669, "G00293": 0.04462942, "G00294": 0.9, "G00295": 0.9, "G00296": 0.9, "G00297": 0.9, "G00298": 0.9, "G00299": 0.9, "G00300": 0.9, "G00301": 0.9, "G00302": 0.05031370, "G00303": 0.04819996, "G00304": 0.05595531, "G00305": 0.04348740, "G00306": 0.05496139, "G00307": 0.05775724, "G00308": 0.05155676, "G00309": 0.03068100, "G00310": 0.9, "G00311": 0.07853655, "G00312": 0.9, "G00313": 0.9, "G00314": 0.9, "G00315": 0.9, "G00316": 0.9, "G00317": 0.9, "G00318": 0.9, "G00319": 0.9, "G00320": 0.06934751, "G00321": 0.9, "G00322": 0.9, "G00323": 0.9, "G00324": 0.03511364, "G00325": 0.04590647, "G00326": 0.9, "G00327": 0.9, "G00328": 0.9, "G00329": 0.07330050, "G00330": 0.9, "G00331": 0.9, "G00332": 0.9, "G00333": 0.9, "G00334": 0.9, "G00335": 0.9, "G00336": 0.9, "G00337": 0.08345166, "G00338": 0.9, "G00339": 0.9, "G00340": 0.9, "G00341": 0.9, "G00342": 0.12040414, "G00343": 0.12347721, "G00344": 0.10101128, "G00345": 0.10173476, "G00346": 0.09156886, "G00347": 0.11903601, "G00348": 0.12071131, "G00349": 0.11601235, "G00350": 0.11462623, "G00351": 0.9, "G00352": 0.9, "G00353": 0.9, "G00354": 0.08119048, "G00355": 0.9, "G00356": 0.9, "G00357": 0.9, "G00358": 0.9, "G00359": 0.9, "G00360": 0.06422502, "G00361": 0.07230580, "G00362": 0.08459996, "G00363": 0.07754663, "G00364": 0.9, "G00365": 0.9, "G00366": 0.11642831, "G00367": 0.11640095, "G00449": 0.9, "G00450": 0.9, "G00451": 0.9, "G00452": 0.9, "G00453": 0.9, "G00454": 0.9, "G00455": 0.9, "G00456": 0.9, "G00457": 0.13950466, "G00458": 0.11149591, "G00459": 0.12185931, "G004591": 0.9, "G00460": 0.10996457, "G00462": 0.15857109, "G00463": 0.14500211, "G00464": 0.13784129, "G00465": 0.09606761, "G00466": 0.09863610, "G00467": 0.08182650, "G00468": 0.07807712, "G00469": 0.08472119, "G00470": 0.08269109, "G00471": 0.9, "G00472": 0.9, "G00473": 0.9, "G00474": 0.15769778, "G00475": 0.08360581, "G00498": 0.9, "G00499": 0.9, "G00500": 0.9, "G00501": 0.07537710, "G00502": 0.9, "G005021": 0.9, "G005022": 0.9, "G00503": 0.9, "G00504": 0.15145652, "G00505": 0.14977998, "G00506": 0.19303889, "G00507": 0.9, "G00508": 0.9, "G00509": 0.03287663, "G00510": 0.08841575, "G00511": 0.18888618, "G00512": 0.11751987, "G00513": 0.17280084, "G00514": 0.9, "G00515": 0.16958718, "G00516": 0.9, "G00517": 0.9, "G00518": 0.9, "G00519": 0.9, "G00520": 0.9, "G00521": 0.9, "G00522": 0.9, "G00523": 0.9, "G00524": 0.9, "G00525": 0.9, "G00526": 0.9, "G00527": 0.9, "G00528": 0.9, "G00529": 0.10976084, "G00530": 0.07833494, "G00531": 0.9, "G00532": 0.9, "G00533": 0.9, "G00534": 0.11595417, "G00535": 0.9, "G00536": 0.9, "G00537": 0.9, "G00538": 0.9, "G00540": 0.9, "G00541": 0.9, "G00542": 0.9, "G00543": 0.17311003, "G00544": 0.9, "G00545": 0.9, "G00546": 0.9, "G00547": 0.09582671, "G00548": 0.09596511, "G00550": 0.9, "G00551": 0.9, "G00552": 0.09930928, "G00553": 0.09449341, "G00554": 0.9, "G00555": 0.10149824, "G00557": 0.08893201, "G00558": 0.08527718, "G00559": 0.08912389, "G00560": 0.08934119, "G00561": 0.06809683, "G00563": 0.9, "G00564": 0.9, "G00565": 0.08236040, "G00566": 0.09645604, "G00567": 0.9, "G00568": 0.9, "G00569": 0.9, "G00570": 0.9, "G00571": 0.09158296, "G00572": 0.9, "G00573": 0.9, "G00575": 0.9, "G00576": 0.9, "G00577": 0.18027807, "G00578": 0.9, "G00579": 0.01555374, "G00580": 0.03910089, "G00581": 0.04636800, "G00582": 0.9, "G00583": 0.9, "G00584": 0.9, "G00585": 0.9, "G00586": 0.07150783, "G00587": 0.02682211, "G00588": 0.9, "G00589": 0.11627517, "G00590": 0.05045580, "G00591": 0.01018724, "G00592": 0.9, "G00594": 0.02705338, "G00595": 0.10148020, "G00596": 0.9, "G00597": 0.9, "G00598": 0.9, "G00599": 0.9, "G00600": 0.09045613, "G00601": 0.9, "G00602": 0.9, "G00603": 0.9, "G00604": 0.9, "G00605": 0.9, "G00606": 0.9, "G00607": 0.9, "G00608": 0.9, "G00609": 0.9, "G00610": 0.9, "G00611": 0.9, "G00612": 0.9, "G00613": 0.9, "G00614": 0.9, "G00615": 0.9, "G00616": 0.9, "G00617": 0.06088570, "G00618": 0.9, "G00619": 0.9, "G00620": 0.03951983, "G00621": 0.9, "G00622": 0.02736939, "G00623": 0.9, "G00624": 0.9, "G00625": 0.04275317, "G00626": 0.01287443, "G00627": 0.9, "G00628": 0.9, "G00629": 0.9, "G00630": 0.9, "G00631": 0.9, "G00632": 0.09273903, "G00633": 0.9, "G00634": 0.9, "G00635": 0.9, "G00636": 0.9, "G00637": 0.9, "G00638": 0.9, "G00639": 0.9, "G00640": 0.9, "G00641": 0.9, "G00642": 0.9, "G00643": 0.9, "G00645": 0.9, "G00646": 0.9, "G00647": 0.9, "G00648": 0.9, "G00649": 0.9, "G00650": 0.9, "G00651": 0.9, "G00652": 0.9, "G00653": 0.12250438, "G00654": 0.9, "G00655": 0.9, "G00656": 0.9, "G00657": 0.9, "G00658": 0.9, "G00659": 0.9, "G00660": 0.9, "G00661": 0.9, "G00662": 0.18690226, "G00663": 0.18841920, "G00664": 0.18598804, "G00665": 0.19039975, "G00666": 0.12775213, "G00667": 0.17366370, "G00668": 0.11724223, "G00669": 0.03733729, "G00670": 0.03831681, "G00671": 0.04815730, "G00672": 0.02806180, "G00673": 0.10790924, "G00674": 0.9, "G00675": 0.9, "G00676": 0.9, "G00677": 0.9, "G00678": 0.9, "G00679": 0.9, "G00680": 0.9, "G00681": 0.9, "G00682": 0.9, "G00683": 0.9, "G00684": 0.9, "G00685": 0.9, "G00686": 0.9, "G00687": 0.9, "G00688": 0.9, "G00689": 0.9, "G00690": 0.9, "G00691": 0.08338587, "G00692": 0.08221287, "G00693": 0.09009205, "G00694": 0.08811518, "G00695": 0.04772178, "G00696": 0.9, "G00697": 0.9, "G00698": 0.9, "G00699": 0.9, "G00700": 0.13166526, "G00701": 0.9, "G00702": 0.9, "G00703": 0.9, "G00704": 0.9, "G007041": 0.9, "G00705": 0.9, "G00706": 0.9, "G00707": 0.9, "G00708": 0.9, "G00709": 0.9, "G00710": 0.9, "G00711": 0.9, "G00712": 0.9, "G00713": 0.9, "G00714": 0.9, "G00715": 0.11934584, "G00716": 0.9, "G00717": 0.12334841, "G00718": 0.12068850, "G00719": 0.12071056,